{
  "componentId": {
    "scope": "bitdev.angular",
    "name": "examples/my-angular-v18-env",
    "version": "2.1.0"
  },
  "propagate": false,
  "extensions": {
    "teambit.dependencies/dependency-resolver": {
      "policy": {
        "dependencies": {
          "@jest/globals": "^29.3.1",
          "@bitdev/angular.dev-services.linter.eslint": ">= 1.0.0",
          "@types/eslint": "^8.40.0",
          "@types/jest": "^29.5.0",
          "jest": "^29.5.0",
          "jest-preset-angular": "~14.1.0"
        }
      }
    },
    "bitdev.general/envs/bit-env@1.0.1": {},
    "teambit.envs/envs": {}
  }
}
