{
  "componentId": {
    "scope": "bitdev.angular",
    "name": "dev-services/compiler/ng-packagr",
    "version": "cb3a3095b0c5a4082218d9c237c7f41a5668e9de"
  },
  "propagate": false,
  "extensions": {
    "teambit.dependencies/dependency-resolver": {
      "policy": {
        "dependencies": {
          "@angular/compiler-cli": "-",
          "chalk": "^4.1.2",
          "ng-packagr": "-"
        },
        "peerDependencies": {
          "@angular/compiler-cli": ">= 13.0.0",
          "ng-packagr": ">=5.0.0"
        }
      }
    },
    "teambit.component/dev-files": {},
    "teambit.pkg/pkg": {},
    "teambit.preview/preview": {},
    "teambit.compositions/compositions": {},
    "teambit.docs/docs": {},
    "teambit.pipelines/builder": {},
    "teambit.semantics/schema": {},
    "bitdev.node/node-env@2.0.40": {},
    "teambit.envs/envs": {
      "env": "bitdev.node/node-env"
    }
  }
}
