{
  "componentId": {
    "scope": "bitdev.angular",
    "name": "envs/angular-v19-env",
    "version": "1.1.0"
  },
  "propagate": false,
  "extensions": {
    "teambit.dependencies/dependency-resolver": {
      "policy": {
        "dependencies": {
          "@angular-devkit/architect": "~0.1900.0",
          "@angular-devkit/build-angular": "^19.0.0",
          "@angular-devkit/build-webpack": "~0.1900.0",
          "@angular-devkit/core": "^19.0.0",
          "@angular-devkit/schematics": "^19.0.0",
          "@angular-eslint/eslint-plugin": "~17.4.1",
          "@angular-eslint/eslint-plugin-template": "~17.4.1",
          "@angular-eslint/template-parser": "~17.4.1",
          "@angular/animations": "^19.0.0",
          "@angular/build": "^19.0.0",
          "@angular/cli": "^19.0.0",
          "@angular/common": "^19.0.0",
          "@angular/compiler": "^19.0.0",
          "@angular/compiler-cli": "^19.0.0",
          "@angular/core": "^19.0.0",
          "@angular/elements": "^19.0.0",
          "@angular/platform-browser": "^19.0.0",
          "@angular/platform-browser-dynamic": "^19.0.0",
          "@angular/platform-server": "^19.0.0",
          "@angular/ssr": "^19.0.0",
          "@jest/globals": "^29.3.1",
          "@ngtools/webpack": "^19.0.0",
          "@types/eslint": "^8.40.0",
          "@types/jest": "^29.5.0",
          "@types/react-dev-utils": "~9.0.8",
          "@types/remark-prism": "~1.3.0",
          "@typescript-eslint/eslint-plugin": "^6.7.5",
          "@typescript-eslint/parser": "^6.7.5",
          "css-loader": "7.1.1",
          "eslint": "^8.57.0",
          "events": "^3.2.0",
          "html-loader": "~2.1.2",
          "jest": "^29.5.0",
          "jest-environment-jsdom": "^29.0.3",
          "jest-environment-node": "^29.0.3",
          "jest-preset-angular": "~14.4.0",
          "ng-packagr": "^19.0.0",
          "postcss": "8.4.47",
          "postcss-loader": "8.1.1",
          "remark": "~13.0.0",
          "remark-loader": "~4.0.0",
          "resolve-url-loader": "5.0.0",
          "sass": "1.77.1",
          "sass-loader": "14.2.1",
          "style-loader": "^2.0.0",
          "ts-node": "^10.9.1",
          "tslib": "^2.6.2",
          "typescript": "~5.6.2",
          "webpack": "5.96.1",
          "webpack-dev-middleware": "7.4.2",
          "webpack-dev-server": "5.1.0",
          "zone.js": "~0.15.0"
        },
        "peerDependencies": {
          "rxjs": "~7.8.0"
        }
      }
    },
    "teambit.envs/envs": {
      "env": "bitdev.general/envs/bit-env"
    },
    "bitdev.general/envs/bit-env@1.0.21": {}
  }
}
