{
  "componentId": {
    "scope": "bitdev.angular",
    "name": "envs/base-env",
    "version": "1ff0cb4d1d412f1ae5299fca86658332f817b3c6"
  },
  "propagate": false,
  "extensions": {
    "teambit.dependencies/dependency-resolver": {
      "policy": {
        "dependencies": {
          "@angular-devkit/build-angular": "-",
          "@angular/common": "-",
          "@angular/compiler-cli": "-",
          "@angular/core": "-",
          "@angular/platform-browser": "-",
          "@angular/platform-browser-dynamic": "-",
          "@angular/router": "-",
          "@babel/plugin-transform-class-properties": "7.22.5",
          "@babel/preset-env": "7.22.15",
          "@babel/preset-typescript": "7.22.15",
          "@babel/runtime": "^7.12.18",
          "@types/enhanced-resolve": "~3.0.7",
          "@types/node": "^20.12.7",
          "@types/trusted-types": "~2.0.1",
          "enhanced-resolve": "5.8.3",
          "eslint": ">= 7.0.0",
          "events": "3.3.0",
          "react": "17.0.2",
          "react-dom": "17.0.2",
          "rxjs": "-",
          "typescript": "-",
          "webpack": "-",
          "webpack-dev-server": "-",
          "zone.js": "-"
        },
        "peerDependencies": {
          "@angular-devkit/build-angular": ">= 0.0.1",
          "@angular/common": ">= 13.0.0",
          "@angular/compiler-cli": ">= 13.0.0",
          "@angular/core": ">= 13.0.0",
          "@angular/platform-browser": ">= 13.0.0",
          "@angular/platform-browser-dynamic": ">= 13.0.0",
          "@angular/router": ">= 13.0.0",
          "jest": ">= 25.1.0",
          "jest-preset-angular": ">= 8.2.0",
          "rxjs": ">= 6.4.0",
          "typescript": ">= 3.5.3",
          "webpack": ">= 4.44.2",
          "webpack-dev-server": ">= 3.11.2",
          "zone.js": ">= 0.9.1"
        }
      }
    },
    "teambit.component/renaming": {
      "renamedFrom": {
        "scope": "bitdev.angular",
        "name": "envs/base",
        "version": "547117b9b87b26959751781746560193ca3af410"
      }
    },
    "bitdev.node/node-env@2.0.40": {},
    "teambit.envs/envs": {
      "env": "bitdev.node/node-env"
    }
  }
}
