{
  "componentId": {
    "scope": "bitdev.angular",
    "name": "dev-services/ng-compat",
    "version": "515b9c72833bb67be8f22473fef0573bccef940c"
  },
  "propagate": false,
  "extensions": {
    "teambit.dependencies/dependency-resolver": {
      "policy": {
        "dependencies": {},
        "peerDependencies": {
          "@angular-devkit/core": ">= 13.0.0",
          "@angular-devkit/build-webpack": ">= 0.0.1",
          "@angular-devkit/build-angular": ">= 0.0.1",
          "@angular-devkit/architect": ">= 0.0.1",
          "@angular/build": ">= 13.0.0",
          "@angular/core": ">= 13.0.0",
          "@angular/cli": ">= 13.0.0",
          "esbuild": ">= 0.14.0",
          "webpack": ">= 4.44.2"
        }
      }
    },
    "teambit.envs/envs": {},
    "teambit.component/dev-files": {},
    "teambit.pkg/pkg": {},
    "teambit.preview/preview": {},
    "teambit.compositions/compositions": {},
    "teambit.docs/docs": {},
    "teambit.pipelines/builder": {},
    "teambit.semantics/schema": {},
    "teambit.node/node@1.0.103": {}
  }
}
