{
  "componentId": {
    "scope": "bitdev.angular",
    "name": "envs/angular-v16-env",
    "version": "7.1.0"
  },
  "propagate": false,
  "extensions": {
    "teambit.dependencies/dependency-resolver": {
      "policy": {
        "dependencies": {
          "@angular-devkit/architect": "0.1602.0",
          "@angular-devkit/build-angular": "~16.2.0",
          "@angular-devkit/build-webpack": "0.1602.0",
          "@angular-devkit/core": "~16.2.0",
          "@angular-devkit/schematics": "~16.2.0",
          "@angular-eslint/eslint-plugin": "~16.1.1",
          "@angular-eslint/eslint-plugin-template": "~16.1.1",
          "@angular-eslint/template-parser": "~16.1.1",
          "@angular/animations": "~16.2.0",
          "@angular/cli": "~16.2.0",
          "@angular/common": "~16.2.0",
          "@angular/compiler": "~16.2.0",
          "@angular/compiler-cli": "~16.2.0",
          "@angular/core": "~16.2.0",
          "@angular/elements": "~16.2.0",
          "@angular/platform-browser": "~16.2.0",
          "@angular/platform-browser-dynamic": "~16.2.0",
          "@angular/platform-server": "~16.2.0",
          "@jest/globals": "^29.3.1",
          "@ngtools/webpack": "~16.2.0",
          "@types/eslint": "^8.40.0",
          "@types/jest": "^29.5.0",
          "@types/react-dev-utils": "~9.0.8",
          "@types/remark-prism": "~1.3.0",
          "@typescript-eslint/eslint-plugin": "^5.59.2",
          "@typescript-eslint/parser": "^5.59.2",
          "css-loader": "6.7.3",
          "eslint": "^8.40.0",
          "events": "^3.2.0",
          "html-loader": "~2.1.2",
          "jest": "^29.5.0",
          "jest-environment-jsdom": "^29.0.3",
          "jest-environment-node": "^29.0.3",
          "jest-preset-angular": "~13.1.0",
          "ng-packagr": "~16.2.0",
          "postcss": "8.4.23",
          "postcss-flexbugs-fixes": "5.0.2",
          "postcss-loader": "7.2.4",
          "postcss-preset-env": "7.8.2",
          "remark": "~13.0.0",
          "remark-loader": "~4.0.0",
          "resolve-url-loader": "5.0.0",
          "sass": "1.65.1",
          "sass-loader": "13.3.2",
          "style-loader": "^2.0.0",
          "ts-node": "^10.9.1",
          "tslib": "^2.6.1",
          "typescript": "5.1.6",
          "webpack": "5.81.0",
          "webpack-dev-middleware": "6.0.2",
          "webpack-dev-server": "4.13.3",
          "zone.js": "~0.14.0"
        },
        "peerDependencies": {
          "rxjs": "^6.5.5 || ^7.4.0"
        }
      }
    },
    "bitdev.general/envs/bit-env@1.0.1": {},
    "teambit.envs/envs": {},
    "teambit.component/renaming": {
      "renamedFrom": {
        "scope": "bitdev.angular",
        "name": "envs/v16",
        "version": "277a7758ede161c02a2f2d01b02f056782c45d67"
      }
    }
  }
}
