{
  "componentId": {
    "scope": "bitdev.angular",
    "name": "dev-services/common",
    "version": "53d6f63979b0623ddbb7dbc251cd091cdd5e052d"
  },
  "propagate": false,
  "extensions": {
    "teambit.dependencies/dependency-resolver": {
      "policy": {
        "dependencies": {
          "@angular-devkit/build-angular": "-",
          "typescript": "-",
          "normalize-path": "^3.0.0"
        },
        "peerDependencies": {
          "@angular-devkit/build-angular": ">= 0.0.1",
          "typescript": ">= 3.5.3"
        }
      }
    },
    "teambit.envs/envs": {},
    "teambit.component/dev-files": {},
    "teambit.pkg/pkg": {},
    "teambit.preview/preview": {},
    "teambit.compositions/compositions": {},
    "teambit.docs/docs": {},
    "teambit.pipelines/builder": {},
    "teambit.semantics/schema": {},
    "teambit.node/node@1.0.103": {}
  }
}
