{
  "componentId": {
    "scope": "bitdev.angular",
    "name": "app-types/angular-app-type",
    "version": "b7bf396945296c63b5a9a5d916cb95a07c6a621e"
  },
  "propagate": false,
  "extensions": {
    "teambit.dependencies/dependency-resolver": {
      "policy": {
        "dependencies": {
          "@angular/cli": "-"
        },
        "peerDependencies": {
          "@angular/cli": ">= 13.0.0"
        }
      }
    },
    "teambit.component/renaming": {
      "renamedFrom": {
        "scope": "bitdev.angular",
        "name": "dev-services/apps",
        "version": "02f8cd3d639894dea416cc38674a6887e11e939b"
      }
    },
    "bitdev.node/node-env@2.0.40": {},
    "teambit.envs/envs": {
      "env": "bitdev.node/node-env"
    }
  }
}
