{
  "componentId": {
    "scope": "bitdev.angular",
    "name": "dev-services/preview/mounter",
    "version": "fe886ff0251071bdfb33964657f5f58d33e6912a"
  },
  "propagate": false,
  "extensions": {
    "teambit.dependencies/dependency-resolver": {
      "policy": {
        "peerDependencies": {
          "@angular/animations": ">= 13.0.0",
          "@angular/compiler": ">= 13.0.0",
          "@angular/common": ">= 13.0.0",
          "@angular/core": ">= 13.0.0",
          "@angular/elements": ">= 13.0.0",
          "@angular/platform-browser": ">= 13.0.0",
          "@angular/platform-browser-dynamic": ">= 13.0.0",
          "typescript": ">= 3.5.3",
          "zone.js": ">= 0.9.1"
        }
      }
    },
    "teambit.component/dev-files": {},
    "teambit.pkg/pkg": {},
    "teambit.preview/preview": {},
    "teambit.compositions/compositions": {},
    "teambit.docs/docs": {},
    "teambit.pipelines/builder": {},
    "teambit.semantics/schema": {},
    "bitdev.node/node-env@2.0.40": {},
    "teambit.envs/envs": {
      "env": "bitdev.node/node-env"
    }
  }
}
