{
  "componentId": {
    "scope": "bitdev.angular",
    "name": "dev-services/compiler/elements",
    "version": "842f4086d2d1e02b9b6ad9f36235e38efb4e987f"
  },
  "propagate": false,
  "extensions": {
    "teambit.dependencies/dependency-resolver": {
      "policy": {
        "dependencies": {
          "@angular-devkit/build-optimizer": "-",
          "@angular/compiler": "-",
          "@angular/compiler-cli": "-",
          "@angular/core": "-",
          "@angular/elements": "-",
          "@angular/platform-browser": "-",
          "@angular/platform-browser-dynamic": "-",
          "@babel/core": "7.22.19",
          "@rollup/plugin-babel": "^5.3.1",
          "@rollup/plugin-commonjs": "^23.0.3",
          "@rollup/plugin-html": "^0.2.4",
          "@rollup/plugin-json": "^4.1.0",
          "@rollup/plugin-node-resolve": "^14.1.0",
          "@types/cacache": "^15.0.1",
          "cacache": "^15.3.0",
          "chalk": "^4.1.2",
          "esbuild": "^0.14.9",
          "react": "^17.0.2",
          "react-dom": "^17.0.2",
          "rollup": "^2.79.1",
          "terser": "^5.8.0",
          "typescript": "-"
        },
        "peerDependencies": {
          "@angular/compiler": ">= 13.0.0",
          "@angular/compiler-cli": ">= 13.0.0",
          "@angular/core": ">= 13.0.0",
          "@angular/elements": ">= 13.0.0",
          "@angular/platform-browser": ">= 13.0.0",
          "@angular/platform-browser-dynamic": ">= 13.0.0",
          "react-dom": "-",
          "react": "-",
          "typescript": ">= 3.5.3"
        },
        "devDependencies": {
          "@babel/runtime": "7.22.15"
        }
      }
    },
    "teambit.envs/envs": {},
    "teambit.component/dev-files": {},
    "teambit.pkg/pkg": {},
    "teambit.preview/preview": {},
    "teambit.compositions/compositions": {},
    "teambit.docs/docs": {},
    "teambit.pipelines/builder": {},
    "teambit.semantics/schema": {},
    "teambit.node/node@1.0.103": {}
  }
}
