{
  "componentId": {
    "scope": "bitdev.angular",
    "name": "dev-services/preview/preview",
    "version": "6422e39e13f36576f2fe245a943e323c5b102b2f"
  },
  "propagate": false,
  "extensions": {
    "teambit.dependencies/dependency-resolver": {
      "policy": {
        "dependencies": {
          "@types/dompurify": "3.0.2",
          "dompurify": "3.0.5"
        },
        "peerDependencies": {
          "@angular/animations": ">= 13.0.0",
          "@angular/compiler": ">= 13.0.0",
          "@angular/common": ">= 13.0.0",
          "@angular/core": ">= 13.0.0",
          "@angular/elements": ">= 13.0.0",
          "@angular/platform-browser": ">= 13.0.0",
          "@angular/platform-browser-dynamic": ">= 13.0.0",
          "rxjs": "^6.5.5 || ^7.4.0",
          "typescript": ">= 3.5.3",
          "webpack": ">= 4.44.2",
          "webpack-dev-server": ">= 3.11.2",
          "zone.js": ">= 0.9.1"
        }
      }
    },
    "teambit.component/dev-files": {},
    "teambit.pkg/pkg": {},
    "teambit.preview/preview": {},
    "teambit.compositions/compositions": {},
    "teambit.docs/docs": {},
    "teambit.pipelines/builder": {},
    "teambit.semantics/schema": {},
    "teambit.envs/envs": {
      "env": "bitdev.node/node-env"
    }
  }
}
