{
  "componentId": {
    "scope": "bitdev.angular",
    "name": "dev-services/compiler/multi-compiler",
    "version": "a7fb1f2afc96520a1b4812d53bc89b943e500197"
  },
  "propagate": false,
  "extensions": {
    "teambit.dependencies/dependency-resolver": {
      "policy": {
        "dependencies": {
          "@angular/compiler-cli": "-",
          "@babel/plugin-transform-class-properties": "7.22.5",
          "@babel/preset-env": "7.22.15",
          "@babel/preset-typescript": "7.22.15",
          "minimatch": "~3.0.4"
        },
        "devDependencies": {
          "@types/minimatch": "~3.0.4"
        },
        "peerDependencies": {
          "@angular/compiler-cli": ">= 13.0.0",
          "ng-packagr": ">= 13.0.0"
        }
      }
    },
    "teambit.component/dev-files": {},
    "teambit.pkg/pkg": {},
    "teambit.preview/preview": {},
    "teambit.compositions/compositions": {},
    "teambit.docs/docs": {},
    "teambit.pipelines/builder": {},
    "teambit.semantics/schema": {},
    "bitdev.node/node-env@2.0.40": {},
    "teambit.envs/envs": {
      "env": "bitdev.node/node-env"
    }
  }
}
