{
  "componentId": {
    "scope": "bitdev.angular",
    "name": "dev-services/webpack",
    "version": "2d7f2b709ed7bc1dd36130d7296f89a2d4c74a2c"
  },
  "propagate": false,
  "extensions": {
    "teambit.dependencies/dependency-resolver": {
      "policy": {
        "dependencies": {
          "typescript": "-"
        },
        "peerDependencies": {
          "@angular-devkit/build-angular": ">= 0.0.1",
          "typescript": ">= 3.5.3",
          "webpack": ">= 4.44.2"
        },
        "devDependencies": {
          "@babel/runtime": "7.22.15"
        }
      }
    },
    "teambit.envs/envs": {},
    "teambit.component/dev-files": {},
    "teambit.pkg/pkg": {},
    "teambit.preview/preview": {},
    "teambit.compositions/compositions": {},
    "teambit.docs/docs": {},
    "teambit.pipelines/builder": {},
    "teambit.semantics/schema": {},
    "teambit.node/node@1.0.103": {}
  }
}
