{
  "componentId": {
    "scope": "bitdev.angular",
    "name": "dev-services/vite"
  },
  "propagate": true,
  "extensions": {
    "teambit.dependencies/dependency-resolver": {
      "policy": {
        "dependencies": {
          "#alias": "-",
          "h3": "^1.9.0",
          "nitropack": "^2.8.0",
          "@angular-devkit/build-angular": "-",
          "@angular/cli": "-",
          "typescript": "-"
        },
        "peerDependencies": {
          "@angular-devkit/build-angular": ">= 0.0.1",
          "@angular/cli": ">= 13.0.0",
          "esbuild": ">= 0.14.0",
          "typescript": ">= 3.5.3"
        }
      }
    },
    "bitdev.node/node-env@2.0.40": {},
    "teambit.envs/envs": {
      "env": "bitdev.node/node-env"
    }
  }
}
