{
  "componentId": {
    "scope": "bitdev.angular",
    "name": "dev-services/linter/eslint",
    "version": "2339f63c2de6b60cc64a05793f9f2ecb24bca0a4"
  },
  "propagate": false,
  "extensions": {
    "teambit.dependencies/dependency-resolver": {
      "policy": {
        "dependencies": {
          "eslint": "-",
          "eslint-plugin-markdown": "^2.2.0"
        },
        "peerDependencies": {
          "@angular-eslint/eslint-plugin": ">= 1",
          "@angular-eslint/eslint-plugin-template": ">= 1",
          "@angular-eslint/template-parser": ">= 1",
          "@typescript-eslint/eslint-plugin": ">= 4",
          "@typescript-eslint/parser": ">= 4",
          "eslint": ">= 7.0.0"
        }
      }
    },
    "teambit.envs/envs": {},
    "teambit.component/dev-files": {},
    "teambit.pkg/pkg": {},
    "teambit.preview/preview": {},
    "teambit.compositions/compositions": {},
    "teambit.docs/docs": {},
    "teambit.pipelines/builder": {},
    "teambit.semantics/schema": {},
    "teambit.node/node@1.0.103": {}
  }
}
