{
  "componentId": {
    "scope": "bitdev.angular",
    "name": "envs/angular-v17-env",
    "version": "6.1.0"
  },
  "propagate": false,
  "extensions": {
    "teambit.dependencies/dependency-resolver": {
      "policy": {
        "dependencies": {
          "@angular-devkit/architect": "0.1700.0",
          "@angular-devkit/build-angular": "^17.0.0",
          "@angular-devkit/build-webpack": "0.1700.0",
          "@angular-devkit/core": "^17.0.0",
          "@angular-devkit/schematics": "^17.0.0",
          "@angular-eslint/eslint-plugin": "~16.1.1",
          "@angular-eslint/eslint-plugin-template": "~16.1.1",
          "@angular-eslint/template-parser": "~16.1.1",
          "@angular/animations": "^17.0.0",
          "@angular/cli": "^17.0.0",
          "@angular/common": "^17.0.0",
          "@angular/compiler": "^17.0.0",
          "@angular/compiler-cli": "^17.0.0",
          "@angular/core": "^17.0.0",
          "@angular/elements": "^17.0.0",
          "@angular/platform-browser": "^17.0.0",
          "@angular/platform-browser-dynamic": "^17.0.0",
          "@angular/platform-server": "^17.0.0",
          "@angular/ssr": "^17.0.0",
          "@jest/globals": "^29.3.1",
          "@ngtools/webpack": "^17.0.0",
          "@types/eslint": "^8.40.0",
          "@types/jest": "^29.5.0",
          "@types/react-dev-utils": "~9.0.8",
          "@types/remark-prism": "~1.3.0",
          "@typescript-eslint/eslint-plugin": "^6.7.5",
          "@typescript-eslint/parser": "^6.7.5",
          "css-loader": "6.7.3",
          "eslint": "^8.40.0",
          "events": "^3.2.0",
          "html-loader": "~2.1.2",
          "jest": "^29.5.0",
          "jest-environment-jsdom": "^29.0.3",
          "jest-environment-node": "^29.0.3",
          "jest-preset-angular": "~13.1.3",
          "ng-packagr": "^17.0.0",
          "postcss": "8.4.23",
          "postcss-flexbugs-fixes": "5.0.2",
          "postcss-loader": "7.2.4",
          "postcss-preset-env": "7.8.2",
          "remark": "~13.0.0",
          "remark-loader": "~4.0.0",
          "resolve-url-loader": "5.0.0",
          "sass": "1.65.1",
          "sass-loader": "13.3.2",
          "style-loader": "^2.0.0",
          "ts-node": "^10.9.1",
          "tslib": "^2.6.1",
          "typescript": "~5.2.2",
          "webpack": "5.81.0",
          "webpack-dev-middleware": "6.0.2",
          "webpack-dev-server": "4.13.3",
          "zone.js": "~0.14.0"
        },
        "peerDependencies": {
          "rxjs": "~7.8.0"
        }
      }
    },
    "bitdev.general/envs/bit-env@1.0.1": {},
    "teambit.envs/envs": {}
  }
}
